集数,功能,模块,时长秒,视频文件,字幕文件,演示范围说明
01,找到自己任教的班级,基础操作,31.21,视频/第01集_找到自己任教的班级.mp4,字幕/第01集_字幕.srt,
02,连着上课怎么切换班级,基础操作,25.21,视频/第02集_连着上课怎么切换班级.mp4,字幕/第02集_字幕.srt,
03,怎么返回课堂首页,基础操作,27.5,视频/第03集_怎么返回课堂首页.mp4,字幕/第03集_字幕.srt,
04,切换今天近一周近一月,基础操作,29.21,视频/第04集_切换今天近一周近一月.mp4,字幕/第04集_字幕.srt,
05,查找学生档案,基础操作,26.29,视频/第05集_查找学生档案.mp4,字幕/第05集_字幕.srt,
06,区分暂无数据和加载失败,基础操作,31.02,视频/第06集_区分暂无数据和加载失败.mp4,字幕/第06集_字幕.srt,
07,找到本班人脸录入入口,人脸录入,25.04,视频/第07集_找到本班人脸录入入口.mp4,字幕/第07集_字幕.srt,
08,找出本班未录人脸学生,人脸录入,30.56,视频/第08集_找出本班未录人脸学生.mp4,字幕/第08集_字幕.srt,
09,选择注册站并查看配对码,人脸录入,29.12,视频/第09集_选择注册站并查看配对码.mp4,字幕/第09集_字幕.srt,手机端选择注册站、生成配对码已实测；一体机屏幕输入和确认按App弹窗指引讲解，未展示现场配对成功画面。
10,组织学生逐个录入人脸,人脸录入,30.68,视频/第10集_组织学生逐个录入人脸.mp4,字幕/第10集_字幕.srt,使用实测手机注册中和停止注册页面；现场排队采集依据App提示讲解，未拍摄学生或演示新采集成功。
11,用手机给单个学生补录,人脸录入,30.72,视频/第11集_用手机给单个学生补录.mp4,字幕/第11集_字幕.srt,真实进入未录学生手机拍摄页后取消；未采集或保存新照片。保存按钮及已录状态用于位置/样式说明，视频明确标注，不声称该学生本轮已录成功。
12,核对已录状态和剩余名单,人脸录入,30.18,视频/第12集_核对已录状态和剩余名单.mp4,字幕/第12集_字幕.srt,已录画面为本班已有记录，用于说明状态，不声称本轮新拍摄成功；现场设备识别未执行。
13,给已录学生重新补拍人脸,人脸录入,30.43,视频/第13集_给已录学生重新补拍人脸.mp4,字幕/第13集_字幕.srt,已实际打开已录学生编辑及重新拍照入口，随后取消；未更改已有人脸照片。保存和现场识别为操作指引，未展示或声称实际重拍成功。
14,查看今日训练方案,课前备课,25.29,视频/第14集_查看今日训练方案.mp4,字幕/第14集_字幕.srt,
15,查看动作玩法和注意事项,课前备课,26.14,视频/第15集_查看动作玩法和注意事项.mp4,字幕/第15集_字幕.srt,
16,替换方案中的一个动作,课前备课,27.29,视频/第16集_替换方案中的一个动作.mp4,字幕/第16集_字幕.srt,
17,调整训练目标为协调,课前备课,26.18,视频/第17集_调整训练目标为协调.mp4,字幕/第17集_字幕.srt,
18,选择篮球主题和教案侧重,课前备课,27.58,视频/第18集_选择篮球主题和教案侧重.mp4,字幕/第18集_字幕.srt,
19,调整训练方案时长,课前备课,28.39,视频/第19集_调整训练方案时长.mp4,字幕/第19集_字幕.srt,
20,确认方案并采纳教案,课前备课,27.96,视频/第20集_确认方案并采纳教案.mp4,字幕/第20集_字幕.srt,
21,找到收整放松活动,课前备课,27.08,视频/第21集_找到收整放松活动.mp4,字幕/第21集_字幕.srt,
22,查看未参与运动的学生,课中组织,31.88,视频/第22集_查看未参与运动的学生.mp4,字幕/第22集_字幕.srt,当前示例班级全部显示运动中；未参与颜色使用App真实图例讲解，个人卡片为运动中学生示例，未伪造灰色学生。
23,读懂班级态势墙颜色,课中组织,30.6,视频/第23集_读懂班级态势墙颜色.mp4,字幕/第23集_字幕.srt,
24,标记和撤销今日请假,课中组织,30.92,视频/第24集_标记和撤销今日请假.mp4,字幕/第24集_字幕.srt,标记后已立即撤销，并重新打开卡片验证恢复；没有把请假后的运动统计口径变化作为已验证功能讲解。
25,为50米选择跑道场地,课中组织,27.5,视频/第25集_为50米选择跑道场地.mp4,字幕/第25集_字幕.srt,
26,选择一组学生并找到开始入口,课中组织,29.0,视频/第26集_选择一组学生并找到开始入口.mp4,字幕/第26集_字幕.srt,已实测选场地、选两名学生以及开始按钮可用，随后取消选人；未点击开始或发出设备命令。视频明确说明仅演示开始入口。
27,查看50米完成情况和成绩区域,课中组织,29.88,视频/第27集_查看50米完成情况和成绩区域.mp4,字幕/第27集_字幕.srt,真实页面当前没有50米成绩；演示完成计数、成绩区域及排序入口，未生成或替换虚构成绩，未验证现场结果上传。
28,核对50米未测名单,课中组织,27.46,视频/第28集_核对50米未测名单.mp4,字幕/第28集_字幕.srt,
29,找到中长跑分波入口,课中组织,30.13,视频/第29集_找到中长跑分波入口.mp4,字幕/第29集_字幕.srt,手机分波入口、当前波次、完成计数和未测名单已查看；没有触发放一波，现场发令、计时与波次推进未执行。
30,查看仰卧起坐项目完成情况,课中组织,29.75,视频/第30集_查看仰卧起坐项目完成情况.mp4,字幕/第30集_字幕.srt,仰卧起坐真实页面当前为0/50、无成绩；展示入口、排序和未测名单，未进行现场动作测试或伪造完成结果。
31,阳光跑记录_在哪里看,课中组织,26.13,视频/第31集_阳光跑记录_在哪里看.mp4,字幕/第31集_字幕.srt,阳光跑页面当前无成绩；演示入口与完成记录查看，不把零记录等同未参与。
32,今天的考核计划_在哪里,正式考核,25.33,视频/第32集_今天的考核计划_在哪里.mp4,字幕/第32集_字幕.srt,
33,怎样新建一次班级考核,正式考核,26.88,视频/第33集_怎样新建一次班级考核.mp4,字幕/第33集_字幕.srt,仅演示真实创建表单与核对步骤；未新建正式考核，创建后的列表核验为操作指引。
34,考核类型_怎么选,正式考核,26.92,视频/第34集_考核类型_怎么选.mp4,字幕/第34集_字幕.srt,
35,多个班一起测_怎么选,正式考核,25.12,视频/第35集_多个班一起测_怎么选.mp4,字幕/第35集_字幕.srt,
36,考核日期_在哪里设置,正式考核,25.71,视频/第36集_考核日期_在哪里设置.mp4,字幕/第36集_字幕.srt,
37,开考前_怎样核对名单,正式考核,27.29,视频/第37集_开考前_怎样核对名单.mp4,字幕/第37集_字幕.srt,
38,考核学生_怎样分组,正式考核,24.92,视频/第38集_考核学生_怎样分组.mp4,字幕/第38集_字幕.srt,展示已有分组与分组控件，未重排真实考核名单。
39,学生就位_怎样开始考核,正式考核,27.76,视频/第39集_学生就位_怎样开始考核.mp4,字幕/第39集_字幕.srt,未点击开始考核、未换组或发送设备指令；依据已有分组页讲解现场核对顺序。
40,未测、缺考等状态_怎么看,正式考核,26.56,视频/第40集_未测、缺考等状态_怎么看.mp4,字幕/第40集_字幕.srt,已验证未测和已测筛选；其他状态仅确认汇总显示，不虚构缺考、免测或异常的独立筛选/修改入口。
41,考核结束_什么时候封盘,正式考核,27.0,视频/第41集_考核结束_什么时候封盘.mp4,字幕/第41集_字幕.srt,仅展示菜单和冻结提示，未执行结束考核或封盘签字。
42,正在进行的训练_在哪里,针对性训练,26.18,视频/第42集_正在进行的训练_在哪里.mp4,字幕/第42集_字幕.srt,
43,补练学生_怎样选能力,针对性训练,25.17,视频/第43集_补练学生_怎样选能力.mp4,字幕/第43集_字幕.srt,
44,按分数筛选_怎么操作,针对性训练,27.25,视频/第44集_按分数筛选_怎么操作.mp4,字幕/第44集_字幕.srt,
45,下发训练前_怎样核对学生,针对性训练,24.83,视频/第45集_下发训练前_怎样核对学生.mp4,字幕/第45集_字幕.srt,已切换按班查看并展开班级核对真实学生名单。未改变选择、未确认下发训练。
46,训练动作不合适_怎么调,针对性训练,26.13,视频/第46集_训练动作不合适_怎么调.mp4,字幕/第46集_字幕.srt,展示方案和微调选项，未下发训练或证明家庭端接收。
47,训练方案_怎样确认下发,针对性训练,25.0,视频/第47集_训练方案_怎样确认下发.mp4,字幕/第47集_字幕.srt,未点击确认下发，未验证学生或家长端接收；返回列表核验为操作指引。
48,训练做没做、进步没进步,针对性训练,24.73,视频/第48集_训练做没做、进步没进步.mp4,字幕/第48集_字幕.srt,
49,一轮练完_怎样再开一批,针对性训练,28.26,视频/第49集_一轮练完_怎样再开一批.mp4,字幕/第49集_字幕.srt,展示已结束任务及再开一批表单，未发送新批次训练。
50,全班最需要加强什么,成长与报表,25.88,视频/第50集_全班最需要加强什么.mp4,字幕/第50集_字幕.srt,
51,某个学生的优势短板怎么看,成长与报表,25.0,视频/第51集_某个学生的优势短板怎么看.mp4,字幕/第51集_字幕.srt,个人画像的样例含数据不足与待确认；不据此给学生作能力结论。
52,学生以前的运动成绩在哪里,成长与报表,26.0,视频/第52集_学生以前的运动成绩在哪里.mp4,字幕/第52集_字幕.srt,
53,一次运动的过程评价怎么看,成长与报表,28.35,视频/第53集_一次运动的过程评价怎么看.mp4,字幕/第53集_字幕.srt,已有记录的过程和评价不完整；视频明确区分空白、占位数值和真实结论。
54,学生获得的勋章在哪里,成长与报表,27.21,视频/第54集_学生获得的勋章在哪里.mp4,字幕/第54集_字幕.srt,仅查看已有勋章，不演示颁发或家长端接收。
55,国测还有多少人没测,成长与报表,26.52,视频/第55集_国测还有多少人没测.mp4,字幕/第55集_字幕.srt,
56,期中期末报表_在哪里,成长与报表,24.48,视频/第56集_期中期末报表_在哪里.mp4,字幕/第56集_字幕.srt,样例为无期中期末计划的真实空状态，未虚构已生成成绩报表。
57,中考预测分_怎样理解,成长与报表,29.42,视频/第57集_中考预测分_怎样理解.mp4,字幕/第57集_字幕.srt,说明App当前报表口径，不将示例年份、分值当作已核实的考试政策。
58,怎样创建一场跳绳比赛,跳绳比赛,26.25,视频/第58集_怎样创建一场跳绳比赛.mp4,字幕/第58集_字幕.srt,未提交建赛、未开赛；完整创建后的页面用后续已有比赛示例说明。
59,团体、接力、个人_怎么选,跳绳比赛,26.43,视频/第59集_团体、接力、个人_怎么选.mp4,字幕/第59集_字幕.srt,
60,比赛时间和单双摇怎么设,跳绳比赛,28.05,视频/第60集_比赛时间和单双摇怎么设.mp4,字幕/第60集_字幕.srt,
61,参赛学生_怎样选和分组,跳绳比赛,26.0,视频/第61集_参赛学生_怎样选和分组.mp4,字幕/第61集_字幕.srt,真实表单中选择班级并勾选两名学生，核对建赛人数为2；随后返回取消，未提交建赛或开赛。
62,学生该拿哪根跳绳,跳绳比赛,24.92,视频/第62集_学生该拿哪根跳绳.mp4,字幕/第62集_字幕.srt,展示已有5人配绳结果，未执行自动配绳或改变绑定。
63,比赛前跳绳离线_先查哪里,跳绳比赛,25.84,视频/第63集_比赛前跳绳离线_先查哪里.mp4,字幕/第63集_字幕.srt,样例绳子为离线状态；不虚构在线恢复或设备联调结果。
64,学生准备好_怎样开始比赛,跳绳比赛,25.5,视频/第64集_学生准备好_怎样开始比赛.mp4,字幕/第64集_字幕.srt,未开始比赛；真实样例设备离线，已明确提示仅按钮位置演示。
65,比赛成绩和排名在哪里,跳绳比赛,26.13,视频/第65集_比赛成绩和排名在哪里.mp4,字幕/第65集_字幕.srt,
66,怎样核对本班学生名单,班级人员管理,27.42,视频/第66集_怎样核对本班学生名单.mp4,字幕/第66集_字幕.srt,
67,新转入学生_怎样补进班级,班级人员管理,27.21,视频/第67集_新转入学生_怎样补进班级.mp4,字幕/第67集_字幕.srt,仅查看新增学生表单，未创建人员记录或采集人脸。
68,怎样新建一个班级,班级人员管理,27.33,视频/第68集_怎样新建一个班级.mp4,字幕/第68集_字幕.srt,仅展示真实新建班级表单，未提交创建。
69,老师任教班级_在哪里核对,班级人员管理,30.17,视频/第69集_老师任教班级_在哪里核对.mp4,字幕/第69集_字幕.srt,原课程主题为给老师关联任课班级。实测教师列表、添加老师表单、班级列表及个人资料后，仅确认任教关系展示，未发现关联修改入口。本集据实改为核对任教班级，未演示或声称完成关联修改。
70,上课前_怎样检查设备在线,设备与支持,24.67,视频/第70集_上课前_怎样检查设备在线.mp4,字幕/第70集_字幕.srt,
71,设备每天开放时间怎么设,设备与支持,29.67,视频/第71集_设备每天开放时间怎么设.mp4,字幕/第71集_字幕.srt,仅在本地表单临时调整时间以显示保存并同步设备按钮；未点击保存。返回后重新进入，确认仍为08:00–12:00、15:00–22:00且按钮显示未修改。未同步或控制现场设备。
72,设备音量_在哪里调整,设备与支持,26.17,视频/第72集_设备音量_在哪里调整.mp4,字幕/第72集_字幕.srt,未修改实际设备音量，仅演示控件位置与核对顺序。
73,临时用设备_怎样开放30分钟,设备与支持,26.85,视频/第73集_临时用设备_怎样开放30分钟.mp4,字幕/第73集_字幕.srt,未执行临时开放、临时关闭或设备远程控制。
74,一箱跳绳_怎样整班配发,设备与支持,26.47,视频/第74集_一箱跳绳_怎样整班配发.mp4,字幕/第74集_字幕.srt,只展示整班绑定表单和配对预览，未提交绑定或结束原绑定。
75,设备不能用_怎样提交报修,设备与支持,27.0,视频/第75集_设备不能用_怎样提交报修.mp4,字幕/第75集_字幕.srt,未提交报修工单或发送消息；仅展示报修表单与填写方法。
